,TSHZ3-chr19-31768568_v,TSHZ3-chr19-31768568_t,TP53-chr17-7577548_v,TP53-chr17-7577548_t,TOX-chr8-59851979_v,TOX-chr8-59851979_t,STRN-chr2-37105068_v,STRN-chr2-37105068_t,SPEN-chr1-16258997_v,SPEN-chr1-16258997_t,SPEN-chr1-16202934_v,SPEN-chr1-16202934_t,PTPRD-chr9-10074741_v,PTPRD-chr9-10074741_t,PRKCB-chr16-24230186_v,PRKCB-chr16-24230186_t,PIK3CG-chr7-106508397_v,PIK3CG-chr7-106508397_t,NRAS-chr1-115258747_v,NRAS-chr1-115258747_t,NR4A3-chr9-102595561_v,NR4A3-chr9-102595561_t,NR3C2-chr4-149357051_v,NR3C2-chr4-149357051_t,MYH11-chr16-15917267_v,MYH11-chr16-15917267_t,MN1-chr22-28193785_v,MN1-chr22-28193785_t,LRP1B-chr2-141609298_v,LRP1B-chr2-141609298_t,LINGO2-chr9-29178757_v,LINGO2-chr9-29178757_t,LINGO2-chr9-29123273_v,LINGO2-chr9-29123273_t,LINGO2-chr9-29117698_v,LINGO2-chr9-29117698_t,LINGO2-chr9-28778389_v,LINGO2-chr9-28778389_t,LINGO2-chr9-28064983_v,LINGO2-chr9-28064983_t,LAMB4-chr7-107732769_v,LAMB4-chr7-107732769_t,IL7R-chr5-35876645_v,IL7R-chr5-35876645_t,IL21R-chr16-27448836_v,IL21R-chr16-27448836_t,HELZ-chr17-65119071_v,HELZ-chr17-65119071_t,FUS-chr16-31193877_v,FUS-chr16-31193877_t,FHIT-chr3-60412480_v,FHIT-chr3-60412480_t,F8-chrX-154157378_v,F8-chrX-154157378_t,EPHB6-chr7-142566125_v,EPHB6-chr7-142566125_t,CIITA-chr16-11002009_v,CIITA-chr16-11002009_t,CHN1-chr2-175779934_v,CHN1-chr2-175779934_t,CDK4-chr12-58144548_v,CDK4-chr12-58144548_t,ATR-chr3-142269072_v,ATR-chr3-142269072_t,ATP7B-chr13-52534322_v,ATP7B-chr13-52534322_t,APC-chr5-112175328_v,APC-chr5-112175328_t,APC-chr5-112164646_v,APC-chr5-112164646_t,ALK-chr2-29416591_v,ALK-chr2-29416591_t
MA-25,0,66,4,843,0,154,0,2,0,1260,0,689,0,97,0,64,0,61,1,492,0,198,1,1583,0,118,0,1373,0,302,0,20,0,65,0,2,0,46,0,52,0,33,1,232,2,19,0,279,0,36,0,3,0,31,0,5,0,3,0,109,1,100,0,199,0,4,0,1533,4,1167,0,65
MA-26,0,149,1,2423,0,1182,0,13,0,2963,0,8,0,1,0,38,0,97,6,1129,0,88,0,220,0,117,1,14,0,616,0,26,0,43,0,40,0,14,0,4,0,0,2,1853,0,45,1,148,1,8,0,94,0,68,0,57,0,163,0,361,0,531,0,18,0,2,0,367,1,456,0,800
MA-27,5,81,1440,1441,532,532,191,208,5,753,0,1359,0,11,15,399,6,1593,65,65,1,12,0,2,10,650,534,537,1,329,0,9,22,43,33,33,2,161,0,237,0,31,0,90,36,36,58,77,0,11,0,393,5,90,0,151,0,241,0,435,1035,1061,0,67,2,82,3,179,53,54,0,973
MA-28,0,12,67,69,4,4,18,199,148,1131,0,187,0,34,1,885,6,26,17,18,0,210,0,12,75,91,4,60,0,61,0,68,329,432,273,273,25,103,8,318,120,121,0,185,14,20,0,31,0,210,0,45,405,689,0,127,0,2,0,14,100,863,2,450,1,37,5,240,134,188,0,1087
MA-29,0,213,559,559,19,20,0,5,0,73,0,265,0,97,0,481,0,4,104,104,0,543,0,444,17,48,6,16,0,585,2,55,1,40,68,71,0,36,5,109,0,12,0,24,0,26,0,280,9,44,0,40,5,419,0,252,0,16,3,95,40,43,0,781,3,495,0,9,27,80,0,1092
MA-30,5,56,103,107,102,103,11,27,0,104,1,438,3,5,26,102,0,100,177,178,3,5,0,9,219,624,584,594,0,19,0,245,1,163,221,221,0,32,0,35,0,28,0,62,7,184,18,299,0,84,1,4,0,3843,0,28,0,249,49,104,228,229,0,35,47,915,25,211,46,47,1,328
MA-31,21,236,47,52,317,328,222,545,1,5199,0,233,2,155,0,728,1,427,4132,4143,13,70,1,572,4,451,3,2404,0,116,1,20,1,30,34,35,0,254,0,129,0,72,0,14,217,224,0,370,99,119,0,113,2,4489,0,27,0,585,25,45,2,766,1,165,555,895,52,239,8,9,2,4007
MA-32,49,65,24,26,316,614,2,26,3,694,0,1252,0,944,0,71,0,113,769,774,21,158,0,288,24,42,1,16,0,23,1,16,0,46,31,31,2,46,0,32,0,12,0,140,6,55,0,188,0,148,2,2,5,59,0,71,0,815,1,256,51,95,0,148,105,636,9,40,18,29,1,1390
MA-33,0,94,334,334,0,15,4,43,95,219,0,2,6,44,0,364,0,3,474,474,0,62,0,11,0,331,1,430,0,382,0,27,8,41,58,59,189,212,0,55,0,0,2,265,0,1,0,16,5,9,0,0,211,665,0,1735,0,1159,0,0,1288,1295,2,705,4,272,297,444,90,243,0,1181
MA-34,5,124,61,65,448,453,230,273,1,7892,0,523,98,115,0,51,0,134,407,408,41,235,1,297,12,19,0,121,1,70,2,111,4,30,28,28,0,13,0,59,0,1916,2,677,522,542,0,81,13,21,0,124,3,7,1,229,0,10,3,6,158,164,0,135,329,2822,68,974,1477,1481,0,668
MA-35,1,802,119,120,2,19,32,68,5,2056,0,190,187,207,0,212,0,189,1512,1514,0,50,0,63,3,32,0,5,0,28,0,713,13,37,28,28,3,42,2,116,9,353,95,111,7,7,0,219,48,206,0,69,71,82,1,36,0,40,7,7,655,666,0,457,0,1813,5,2316,1508,1508,0,11
MA-36,748,750,71,72,613,637,25,31,0,4418,0,66,2,229,19,73,1,840,895,896,0,39,1,25,143,184,7,105,0,8,0,77,42,131,114,115,0,238,1,31,0,13,12,57,46,47,4,16,68,72,151,158,0,38,0,67,0,408,40,133,16,119,2,845,67,800,324,334,24,868,0,1622
MA-37,0,10,2632,2635,2,321,329,354,2,3926,1,731,2,81,0,452,6,32,67,67,1,274,0,512,0,55,3,4,0,4,2,66,21,127,147,147,0,144,21,43,0,105,504,547,2,17,7,21,0,18,0,34,0,83,0,374,0,308,718,741,111,473,0,109,0,560,83,94,1,1,0,380
MA-38,82,574,883,885,103,113,16,647,0,527,0,609,46,53,12,278,5,849,3638,3649,4,28,5,325,3,32,118,118,0,15,1,253,0,31,35,35,0,453,0,148,0,110,2,1462,5,11,73,74,3,116,0,1,0,890,1,2432,0,80,0,9,2,195,0,333,3,90,0,2,34,34,0,2251
MA-39,0,4,267,268,310,325,3,28,1,1715,1,393,60,136,0,197,0,79,78,78,3,50,3,76,38,119,0,327,0,4,0,8,3,10,12,13,0,160,1,894,0,140,0,477,5,69,192,464,2,4,1,216,0,1238,0,44,0,90,3,296,48,59,0,905,40,1316,1,767,663,679,0,1190
MA-40,2,2030,19,20,18,248,124,304,0,137,1,174,0,93,0,1569,29,50,23,26,0,155,0,96,59,227,3,5,0,568,0,47,79,87,1642,1644,0,26,0,377,29,33,0,94,4,4,0,21,2,17,0,141,7,1026,1,37,0,27,7,187,330,335,0,350,1,477,30,1170,687,775,0,858
MA-41,38,51,34,35,52,53,0,74,0,6985,0,33,0,223,55,135,0,87,3,3,1,33,0,62,170,173,27,27,0,31,0,0,1,50,42,42,0,79,0,25,0,0,1,236,4,5,0,2,15,16,1,10,0,216,1,167,0,13,14,155,778,796,1,1110,1,93,1,120,4,4,0,89
MA-42,8,15,816,818,8,29,36,164,0,2827,0,56,238,300,0,230,7,1853,7642,7647,2,62,1,8,9,22,1,63,0,44,0,6,0,646,645,645,0,50,0,45,0,206,0,479,217,226,9,23,93,252,3,3,0,560,0,229,0,8,0,22,6,940,0,75,13,1842,2,10,103,108,0,151
MA-43,136,236,8,11,304,305,0,2,2,4820,0,1014,3,312,97,127,0,17,377,378,9,91,0,21,0,103,0,8,0,193,1,19,4,17,21,21,0,26,0,126,0,41,0,234,7,24,264,769,113,118,173,173,0,1,0,33,0,15,1,48,18,28,2,108,571,827,4,21,20,30,0,806
MA-44,1,365,581,582,0,2,0,40,6,2227,0,335,0,15,0,544,3,550,1702,1704,0,184,0,124,16,19,0,381,0,154,0,142,2,99,46,46,0,25,0,74,0,28,0,14,4,8,19,33,414,530,0,104,0,109,0,162,0,149,0,83,631,1200,0,3894,2,226,332,448,77,923,0,727
MA-45,0,65,43,47,48,164,14,259,330,504,0,1,1,199,0,34,0,307,31,31,0,483,0,82,0,99,3,25,0,455,0,39,16,58,13,13,0,5,292,504,2,11,87,115,260,379,0,41,128,349,0,0,0,191,0,135,0,466,1,16,3330,5685,0,1289,8,1085,1,19,65,67,0,24
MA-46,5,332,41,42,39,178,33,84,0,1406,0,42,92,166,64,150,6,1240,416,419,1,2,0,632,2,8,128,774,0,621,0,305,380,394,386,386,0,54,0,163,0,49,0,5,79,80,13,36,109,118,14,17,0,18,0,503,0,361,9,188,5026,5034,0,102,371,1828,2,66,18,23,1,58
MA-47,0,86,173,174,153,163,7,170,0,7132,0,2268,0,11,0,222,4,873,70,71,11,32,2,53,0,572,0,0,0,477,0,9,3,12,12,12,0,316,0,63,0,6,0,233,0,2,0,35,21,29,15,102,0,119,1,556,0,16,2,240,107,117,0,1495,343,469,109,141,0,174,1,411
MA-48,3,61,1,4,117,120,11,25,0,900,0,124,0,40,5,2351,0,67,1338,1340,162,182,1,137,17,22,1,62,0,43,2,128,22,180,42,42,0,45,0,8,0,6,0,61,355,355,0,43,38,65,0,19,0,207,0,223,0,967,0,29,111,680,0,153,1,82,904,1100,101,1026,0,1686
MA-84,2,6,248,250,90,91,130,655,0,1262,0,220,69,84,89,119,0,4,52,54,0,83,0,7,186,422,12,89,0,1108,0,43,12,13,3,3,0,578,0,18,0,16,0,25,186,227,0,206,0,10,15,33,0,466,0,438,0,248,0,18,233,508,0,412,3,25,1,32,25,74,0,1864
MA-85,0,139,9,9,26,107,110,114,7,410,0,44,1,9,0,26,12,39,382,382,0,78,0,69,3,98,102,791,0,773,0,83,4,6,4,4,22,70,0,1,11,18,1,382,214,214,0,270,0,79,0,123,55,62,0,556,0,342,56,57,443,1141,0,1353,2,1056,0,11,1,112,1,455
MA-86,2,558,12,13,118,1110,0,25,325,1712,0,1658,5,13,3,351,13,552,383,388,0,196,0,265,15,31,25,37,1,404,0,23,8,271,293,295,142,161,19,26,0,35,2,124,18,53,0,104,0,48,2,45,4,19,2,168,0,35,51,53,562,573,2,130,3,977,183,213,11,74,0,801
MA-87,2,836,120,121,908,909,5,7,0,3918,0,301,533,693,290,449,0,105,22,22,18,28,0,248,1,13,2,184,0,6,1,99,6,12,6,6,0,52,0,54,0,24,0,264,28,28,0,4,44,65,21,58,0,27,1,22,0,23,225,268,3,3,0,61,2,16,5,74,185,270,0,88
MA-88,0,7,617,619,218,223,9,52,0,275,0,767,1,38,0,226,0,1,263,264,1,2,0,1770,0,3,0,0,0,90,2,17,3,119,23,23,0,66,0,402,0,52,0,155,3,7,0,113,4,558,0,7,0,17,0,71,0,449,0,280,155,161,0,743,19,33,101,1155,1687,1833,0,740
MA-89,5,1336,318,320,15,42,28,37,0,460,0,149,0,118,344,723,1,220,757,758,9,13,0,33,221,355,13,121,0,32,0,11,1,14,8,9,0,183,0,101,0,32,0,79,18,27,0,32,5,11,2,24,0,1173,0,360,0,25,0,10,3,63,0,635,529,599,0,151,102,102,0,270
MA-90,0,6,5,6,188,216,1091,1099,14,833,0,482,2,161,0,186,5,85,3,3,41,53,0,307,24,26,439,441,0,13,0,139,44,329,353,356,9,89,0,47,0,209,0,712,582,628,0,18,26,161,2,227,0,251,1,9,0,62,2,100,6,33,0,132,12,362,5,1714,2462,2467,1,5850
MA-91,1,73,74,74,33,100,11,20,624,2224,0,266,1,60,0,103,136,267,93,93,2,153,0,131,649,727,464,516,0,101,7,35,2,48,75,79,163,330,1,21,32,43,0,2,5,10,0,231,8,96,0,278,0,206,0,63,0,139,1,9,5,443,0,762,1,215,170,183,6,225,0,269
MA-92,0,141,71,72,70,148,21,26,2,5131,0,18,94,258,0,49,0,45,382,382,137,517,0,70,2,29,1,436,0,208,0,15,1,103,65,66,0,66,0,306,1,306,0,7,14,20,2,180,0,27,0,0,0,100,0,17,0,140,27,41,0,3990,0,1486,17,1018,2,194,294,297,0,148
MA-93,0,76,36,37,67,150,99,130,0,3493,0,158,2,252,1,2,1,122,17,17,36,48,0,262,24,392,1,19,0,299,0,60,0,1,8,8,0,91,0,110,0,4,0,33,333,335,116,153,16,100,12,15,0,103,1,30,0,61,1,7,11,224,0,889,14,107,18,53,34,136,2,344
MA-95,0,33,721,721,156,161,10,62,0,2677,0,1060,19,50,1,18,0,96,1942,1946,6,76,0,27,3,4,0,3,0,85,0,17,202,229,240,240,1,704,0,21,1,326,0,3,2,65,0,27,11,16,12,20,1,2290,0,20,0,64,0,149,10,155,0,299,29,210,35,588,1026,1030,0,337
MD-10,0,794,0,1773,0,19,0,41,0,768,1,29,0,180,1,313,2,413,0,40,0,2,0,21,0,8,0,123,0,2,0,11,0,34,0,19,0,314,0,26,0,171,0,4,3,9,1,1,0,4,0,23,0,4,0,4,0,42,2,323,3,2822,0,1171,1,158,0,457,0,442,0,31
MD-11,0,2,0,120,0,547,1,1519,0,113,0,1050,0,34,0,604,0,26,1,1668,0,29,1,11,0,197,0,0,1,90,0,23,0,22,0,49,0,543,0,295,0,34,0,268,0,353,0,67,0,92,0,401,0,16,0,5,0,14,0,4,0,6,0,494,1,545,0,1835,1,748,0,915
MD-12,0,633,23,34,11,139,6,10,1,210,0,620,0,148,0,45,3,673,3,118,0,23,1,979,1,42,6,10,1,31,1,21,0,74,1,54,0,61,0,6,0,18,0,42,0,208,0,122,0,43,0,6,2,5,0,71,0,51,0,16,13,54,0,368,0,841,4,2971,4,2065,1,52
MD-13,0,356,1,404,0,5,1,367,1,7844,0,15,0,135,0,133,0,79,1,2299,0,221,0,850,0,35,0,17,0,57,0,0,0,2,0,7,0,204,0,38,0,245,1,366,0,3,0,510,0,3,0,207,0,114,0,2,0,83,0,6,2,2815,0,194,0,3,0,25,1,12,0,84
MD-3,1,178,3,11,1,48,0,94,0,374,0,460,0,6,0,880,8,1063,0,392,0,26,0,118,0,13,0,24,0,44,0,34,0,45,1,59,0,2,0,1,1,29,0,1,0,58,0,2,0,1,0,45,0,1,0,9,0,0,2,21,0,18,0,192,0,11,0,16,2,47,0,1960
MD-4,1,290,0,335,0,0,0,8,0,14,0,239,0,0,0,8,0,296,2,477,0,20,0,2,0,30,0,20,0,59,0,0,0,0,0,1,0,31,0,0,0,64,0,123,0,177,0,5,0,61,0,4,0,8,0,2,0,17,0,1,0,461,0,93,0,12,0,8,0,8,0,316
MD-5,0,36,0,45,0,26,0,209,0,105,0,1644,0,6,0,296,0,14,0,44,0,2,0,114,0,5,0,47,0,2178,0,8,0,8,0,11,0,6,0,24,0,41,0,1,0,23,0,193,1,8,0,129,0,0,0,0,0,144,0,14,0,1372,0,321,0,1,0,17,0,20,0,62
MD-7,0,11,2,237,2,11,0,27,0,75,0,1,0,16,0,1,2,789,0,129,0,50,0,85,0,45,0,9,0,7,1,42,0,3,0,42,0,6,0,71,0,26,0,7,0,0,0,0,0,6,0,26,0,31,0,2,0,4,0,0,0,112,0,250,0,22,1,1934,3,596,0,2202
MD-8,0,2,0,359,0,103,0,0,0,123,0,48,0,94,0,87,0,52,4,198,0,2,0,1,0,86,0,12,0,6,0,1,0,8,0,5,0,48,0,3,0,11,0,1,0,19,0,23,0,5,0,1,0,10,0,41,0,7,0,7,1,113,0,519,0,2,0,12,0,42,0,91
MD-9,0,18,0,1420,0,1,0,2,2,7388,0,115,0,120,0,20,0,9,0,250,0,32,0,55,0,468,0,60,0,399,0,0,0,98,0,111,0,30,0,7,0,6,0,11,0,12,0,27,0,3,0,22,0,4,0,9,0,7,0,10,0,141,0,191,0,276,1,60,0,13,0,39
PA-26,0,150,158,161,88,159,60,207,0,496,0,452,0,97,0,68,0,54,72,72,1,40,1,3,1,21,20,24,699,873,0,1,0,93,28,38,0,2730,0,208,0,116,0,20,591,608,0,44,0,82,0,5,0,47,0,12,0,109,66,157,80,100,2,1894,458,637,12,21,21,1071,0,267
PA-27,0,322,4,38,21,80,1,100,0,53,0,15,1,1,0,7,0,13,3,175,0,30,1,70,0,3,3,13,0,107,0,95,0,32,0,12,0,17,0,86,0,20,0,13,0,101,0,31,0,79,0,678,0,9,0,2,0,9,3,10,2,447,0,201,0,165,2,443,10,291,0,788
PA-28,1,9,9,11,707,717,21,97,0,2654,1,91,0,71,1,23,1,403,51,51,0,454,1,1779,154,172,112,115,6,97,2,46,1,1614,85,177,1,508,0,41,0,6,0,121,4,4,0,71,0,26,0,50,0,8,0,163,0,269,101,119,18,29,8,5901,4,12,105,139,52,57,0,21
PA-29,0,103,8,9,15,15,0,8,0,30,0,94,0,32,0,115,1,211,11,11,0,297,0,177,21,25,65,66,11,567,8,17,0,79,1,5,0,16,0,198,0,5,0,4,8,14,0,9,0,67,1,72,0,309,0,301,0,0,52,52,2,41,9,7120,25,97,273,1001,1462,1663,0,213
PA-31,0,0,11,11,0,0,0,0,0,3,0,3,0,0,0,1,0,1,18,20,0,1,0,1,0,7,0,0,0,0,0,1,0,9,4,4,0,0,0,5,0,0,0,5,0,0,0,0,0,1,0,2,0,1,0,0,0,5,2,2,0,10,0,0,2,7,0,0,2,3,0,9
PA-32,0,139,48,51,73,93,2,14,0,322,0,63,0,131,0,1514,0,156,158,159,0,16,0,10,1,28,7,9,2,77,1,245,0,122,128,128,0,434,0,52,0,71,0,116,3,84,0,65,0,23,5,285,0,229,0,40,0,119,0,41,7,531,0,1512,3,102,6,260,277,280,0,565
PA-38,0,277,2830,2834,37,112,435,1605,1,135,0,405,3,821,0,40,1,603,3209,3212,0,1435,4,572,47,259,19,28,71,112,0,19,1,138,152,159,0,1420,0,20,0,111,2,364,2,11,0,89,2,69,4,68,0,33,0,3794,0,26,133,137,150,2376,0,399,319,1744,182,1411,43,483,2,4943
PA-39,0,47,162,162,1,34,4,11,0,2679,0,145,0,62,0,305,0,111,55,57,0,624,1,5,62,88,668,681,93,1154,167,297,0,690,333,367,0,87,0,467,0,8,0,1490,8,15,0,81,0,181,4,12,0,141,0,5,0,668,774,777,18,19,1,545,0,922,17,18,1038,1041,1,39
PA-40,0,103,901,908,21,29,6,158,0,1181,0,143,0,43,0,40,0,93,238,239,0,72,2,28,780,951,1,2,1,17,1,223,0,406,147,150,0,160,0,26,0,35,0,12,4,7,0,150,0,124,5,56,2,1699,0,566,0,6,3,41,2,26,0,1308,17,110,6,66,7,78,0,4703
PA-41,0,151,151,152,111,125,3,19,0,1012,0,852,0,7,0,2086,0,2,23,23,0,101,0,327,17,121,38,40,84,147,175,233,0,23,18,24,0,65,0,139,0,389,0,130,215,217,0,65,0,45,16,299,0,15,0,6,0,292,5,52,238,279,0,144,27,92,71,114,9,33,0,240
PA-42,0,5,592,596,72,93,150,155,0,1314,0,4,0,132,0,21,0,28,957,963,0,55,1,29,6,99,4,8,0,16,106,117,0,46,41,41,0,1012,1,1032,0,9,0,2,15,17,0,95,0,58,50,342,0,237,0,14,0,41,6,148,119,149,4,1666,0,16,2084,2179,39,1360,0,158
PA-43,0,56,43,46,7,298,87,156,1,3160,0,146,0,45,1,92,0,1,61,62,0,348,0,45,10,11,1,75,2,47,1,47,0,170,98,105,2,475,0,376,0,1,0,22,521,580,0,14,0,40,0,0,0,58,0,75,0,37,0,4,5,8,0,110,2,733,1,259,25,213,0,14
PA-46,1,15,1308,1310,64,151,23,62,0,103,0,935,0,240,0,26,0,219,487,489,0,50,0,1534,0,1,26,27,6,299,1,2,0,276,11,203,0,153,0,821,0,72,1,88,19,23,0,0,1,314,0,4,0,6,0,287,0,118,71,91,197,197,0,362,3,5,1,39,2,8,0,69
PA-47,0,79,243,244,12,223,2,19,1,797,0,67,1,87,0,259,0,88,55,55,0,166,0,108,171,196,22,158,6,15,3,4,0,74,60,66,0,10,0,8,0,36,0,118,12,165,1,2,0,253,10,41,0,305,0,1312,0,26,9,10,28,35,1,227,8,416,8,70,757,787,0,15
PA-48,0,154,44,47,9,56,9,43,0,258,0,18,8,17,0,91,0,79,464,464,4,30,0,55,969,974,3,3,401,900,0,15,0,18,50,54,0,123,0,98,0,75,0,51,9,19,0,58,0,168,11,16,0,8,0,221,0,640,11,35,258,259,0,214,5,1164,9,30,74,118,0,218
PA-49,0,35,14,15,343,391,5,9,1,150,0,18,0,123,0,17,0,178,160,164,0,69,1,44,6,12,13,39,46,67,6,47,0,6,3,7,1,1387,0,5,0,292,0,10,14,35,0,141,0,224,0,281,0,51,0,27,0,17,32,37,9,28,0,90,1,20,1,1225,1052,1099,0,34
PA-51,0,68,39,41,0,65,77,137,0,705,0,168,0,53,0,45,0,33,177,178,0,82,0,73,252,274,19,20,1107,1531,2,3,0,35,11,31,0,318,0,79,1,233,0,49,23,25,0,290,0,43,42,45,0,880,0,621,1,201,2,52,30,149,0,34,0,174,13,995,471,551,0,1296
PA-52,2,2699,55,60,5,5,8,9,0,432,0,56,0,96,0,26,0,169,14,15,1,579,0,61,51,55,47,49,90,4093,11,15,1,83,32,102,0,948,0,27,0,353,0,64,31,105,0,30,0,1505,5,411,0,23,1,272,0,33,0,189,598,600,0,73,0,40,6,340,237,242,0,123
PA-53,0,16,421,422,27,31,87,107,0,589,0,24,0,56,0,118,0,4,11,12,0,12,0,1704,52,131,161,163,0,4,53,58,0,54,50,51,0,469,0,47,0,42,0,305,206,209,0,17,0,859,14,357,0,6,3,7781,0,1535,4,12,36,51,4,2551,1,20,113,158,97,111,0,3436
PA-54,0,58,2,2,1,36,9,228,0,1149,0,30,0,111,0,9,0,5,23,91,0,16,0,23,2,290,0,100,0,21,1,4,0,114,1,83,0,17,0,10,0,0,2,528,1,85,0,1,0,145,0,8,0,7,0,26,0,14,0,283,15,52,0,200,0,444,2,771,3,1219,1,852
PA-55,0,232,197,197,5,71,370,481,0,1170,0,62,0,124,0,115,0,132,1023,1023,0,552,0,58,73,80,2,10,7,24,4,172,0,70,29,45,0,65,0,30,0,159,0,224,82,91,0,178,0,161,4,21,0,179,1,43,0,865,0,70,829,882,0,82,33,179,14,30,4,7,0,77
PA-57,0,363,22,25,2,135,185,298,2,7851,0,2828,0,453,0,267,0,163,160,161,0,20,0,2065,25,365,32,418,1,15,3,7,0,38,23,38,1,20,0,91,0,678,0,3,28,28,1,51,0,53,3,6,0,800,0,1365,0,391,5,268,1,10,0,181,326,336,58,325,40,43,0,54
PA-58,0,14,173,175,60,107,122,124,0,1126,0,58,0,273,0,78,3,570,24,24,0,33,1,12,7,39,25,28,43,56,389,412,0,59,116,120,0,102,0,156,0,5,0,8,0,0,0,26,0,61,3,7,1,133,0,8,0,26,119,169,33,504,0,228,5,115,3,8,10,12,1,740
PA-59,0,19,223,223,83,93,27,210,1,101,0,99,0,59,0,87,1,52,917,917,0,177,0,8,7,813,38,41,0,52,16,193,0,1298,793,801,0,22,0,631,0,83,1,209,0,5,0,6,0,154,0,104,0,60,0,5,0,551,31,101,65,66,0,153,289,362,20,25,2,101,0,94
PA-61,0,18,32,33,85,110,30,45,0,1919,0,54,2,467,0,7,1,190,17,17,0,97,0,168,37,42,26,27,0,94,14,55,0,56,27,81,0,229,0,27,0,9,0,616,1,3,0,74,0,2032,1,28,0,25,0,11,0,250,60,60,42,158,0,129,19,297,0,261,175,182,0,72
PA-62,0,23,8,10,0,34,439,458,0,1640,0,192,1,927,0,21,0,74,14,14,0,1176,0,17,6,42,16,19,3,291,107,191,0,138,71,147,0,160,0,129,0,157,0,73,7,41,0,404,0,8,4,203,0,1005,0,237,0,838,11,20,10,14,0,135,0,6,14,25,10,19,0,637
PA-63,0,16,254,257,18,241,392,422,0,514,0,41,1,211,2,67,0,251,37,39,0,7,1,206,144,150,121,122,16,155,8,280,0,43,37,63,0,155,1,543,1,302,0,27,96,700,0,435,1,12,3,70,0,59,0,97,0,5,42,54,356,360,0,882,3,455,500,572,1,483,0,1391
PA-64,0,176,4357,4365,2,13,4,14,0,155,0,90,0,495,0,69,2,7,14,14,0,31,1,113,11,15,57,82,7,325,17,57,0,932,1,574,0,70,0,68,0,224,0,193,2,4,0,70,0,93,13,28,0,42,0,536,0,45,0,12,199,218,0,792,40,45,0,1,4,1055,0,1856
PA-65,0,104,22,24,2,9,6,14,0,15,1,69,0,54,0,98,0,6,69,71,0,1160,0,67,989,993,94,96,175,226,15,25,0,20,2,18,0,1300,0,220,0,50,0,30,10,12,0,11,0,312,5,32,2,651,0,10,0,26,1,33,29,35,0,786,2,657,0,43,288,289,1,1037
PA-68,0,1552,12,12,2,7,49,83,0,47,0,368,0,75,0,1651,0,12,1939,1941,0,95,1,409,3,3,3,5,80,725,21,560,1,130,14,369,0,117,0,33,0,71,0,77,21,28,0,30,0,124,320,587,0,120,0,167,0,720,46,76,72,94,1,61,0,333,23,32,13,15,2,189
PA-70,0,278,27,29,44,46,9,140,0,242,2,24,2,2227,0,769,1,174,18,22,0,96,1,49,19,31,86,187,6,55,75,165,0,50,3,32,0,34,0,12,0,2,0,165,13,13,1,8,0,139,58,70,0,76,0,401,0,117,161,515,1,396,5,1562,0,144,105,143,29,31,0,307
PA-71,0,228,162,162,2,17,5,17,0,805,0,799,0,156,0,231,1,98,58,58,0,94,0,706,97,110,680,685,173,2622,0,127,1,148,159,218,0,49,0,46,0,156,0,28,465,494,0,20,0,34,2,161,0,158,0,300,0,795,7,11,22,36,0,504,0,5,1,597,303,307,0,66
PA-73,0,95,6,9,22,27,101,124,0,373,0,22,0,375,2,32,0,432,10,10,0,12,0,42,1,3,57,57,0,11,1,4,2,692,7,998,0,61,0,200,0,4,0,4,2,3,1,46,0,12,22,43,0,82,0,15,0,161,8,26,12,16,0,119,0,19,0,30,4,16,0,57
PA-74,1,50,168,175,15,90,0,28,0,778,0,751,0,57,0,99,8,1529,179,188,0,161,1,2332,36,41,4,14,0,741,2,9,1,226,147,147,0,998,0,203,0,122,0,17,1,38,0,33,0,28,5,12,3,4640,1,737,0,243,168,461,447,454,3,7293,1,6,3,178,257,261,0,16
PA-77,0,161,542,543,1,32,3,10,0,1007,0,110,1,27,0,1416,2,668,1129,1133,0,86,0,375,0,45,5,156,0,306,8,8,0,10,12,52,0,45,0,643,0,32,0,2,42,49,0,4,0,9,0,206,0,137,0,3,0,1410,422,463,89,340,11,3861,0,67,0,43,64,99,0,311
PD-1,0,529,1,7858,8,219,4,142,0,7884,3088,3403,0,367,1,884,4,874,15,7669,0,4748,6152,7129,2,142,0,1870,3,5520,0,51,0,232,1,578,0,1099,0,856,0,78,0,842,5,82,0,58,0,313,0,60,0,232,203,1124,0,77,2,50,4,3908,294,1132,1,796,5,1935,14,460,478,2130
PD-14,0,6,1,7853,0,23,2,3,0,288,8,62,0,1,0,126,0,19,2,2365,0,87,8,276,0,50,0,838,0,368,0,3,0,3,0,24,0,26,0,3,0,45,0,20,0,5,0,3,0,2,0,1,0,4,5,840,0,1,0,5,0,154,4,23,0,0,1,554,2,12,17,36
PD-16,0,107,1,18,5,82,2,6,0,546,9,17,0,3,1,452,4,817,3,151,0,4599,40,65,1,4,0,41,1,3478,0,1,0,7,0,45,0,15,0,11,0,16,0,10,1,25,0,0,0,36,0,56,0,93,5,13,0,7,1,6,1,298,15,69,0,9,1,287,6,151,13,839
PD-17,0,72,1,285,3,25,0,4,0,4267,20,22,0,15,0,244,0,7,2,719,0,1,54,60,1,3,0,966,0,1642,0,2,0,7,1,91,0,87,0,4,0,11,0,98,2,3,0,27,0,163,0,0,0,4,13,23,0,8,1,39,2,409,9,650,0,55,2,879,2,208,21,61
PD-18,0,319,3,9,0,27,0,13,0,7857,3051,3229,0,150,0,41,0,29,6,4377,0,56,6048,6296,0,83,0,1,2,15,0,1,0,214,0,414,0,166,0,13,0,1,0,698,2,49,0,2,0,99,0,1,0,5,180,237,0,57,0,0,1,2779,265,356,0,11,1,202,4,72,425,445
PD-20,0,165,3,10,0,185,2,21,0,561,1,37,0,22,0,63,0,2,2,39,0,1,0,219,1,95,0,8,1,97,0,25,0,827,2,1344,0,8,0,34,0,18,0,32,2,2,0,2,0,0,2,7,0,142,2116,2152,0,16,2,2,2,1308,3367,4704,1,3,0,49,0,4,5803,5810
PD-5,0,523,2,777,0,77,0,1081,0,1392,1,47,1,20,0,40,0,1,2,537,0,4,1,343,0,3,1,7,0,27,0,67,0,28,0,51,0,19,0,7,0,5,0,479,0,1,0,8,0,0,0,0,1,4983,0,18,0,20,1,10,2,7815,1,467,0,594,0,52,0,0,6,82
PD-7,4,1025,2,618,0,117,0,0,1,7928,2,548,0,122,0,12,0,1,2,19,0,31,2,8,0,10,1,39,0,150,0,8,0,9,2,12,0,3,0,3,0,40,0,38,0,0,0,35,0,1,0,32,0,9,0,566,0,0,0,0,2,2555,3,140,1,30,0,524,0,0,1,201
PD-8,0,5,1,320,0,1,0,3,0,1017,0,376,0,7,0,31,0,22,0,29,0,37,1,4,0,7,0,7,0,905,1,22,0,66,2,6,0,27,0,17,0,85,0,5,0,8,0,164,0,6,0,13,0,134,0,61,0,4,1,31,0,433,5,18,0,41,0,52,0,8,4,1338
PD-9,0,2,17,3486,0,122,0,2,0,1393,4,711,0,9,0,13,0,319,2,1061,0,12,4,103,0,51,0,59,0,404,0,62,0,11,0,6,0,38,0,99,0,16,0,73,0,0,0,149,0,207,0,2,0,3,8,94,0,0,0,7,2,7772,6,18,0,3,0,350,3,11,10,214
PDD-1,0,508,0,45,0,4,0,152,0,597,0,6,0,103,0,159,0,14,0,35,0,164,0,22,0,3,0,33,0,582,1,296,0,3,0,2,0,602,0,4,0,1042,0,265,0,4,0,6,0,34,0,65,0,164,0,592,0,31,1,1250,0,1059,0,51,0,165,0,139,0,72,0,2876
PDD-10,0,370,0,149,0,12,0,263,0,643,0,64,0,201,0,51,1,469,0,721,0,283,0,2234,0,589,0,35,0,190,0,19,0,14,0,28,0,31,0,70,0,84,0,462,0,32,0,14,0,14,0,170,0,611,0,135,5,21,0,14,1,1720,0,13,1,109,0,316,0,286,0,1658
PDD-11,0,219,0,71,0,523,0,220,0,44,0,79,0,216,0,585,1,428,0,20,0,58,0,819,0,83,0,180,0,21,2,562,0,19,0,4,1,349,0,9,0,31,0,29,0,11,0,400,0,8,0,42,0,914,0,13,12,25,0,252,0,543,0,360,0,1467,0,160,0,26,0,576
PDD-12,0,85,0,76,0,3,2,257,0,851,0,392,0,57,0,1362,0,363,0,337,1,65,0,212,0,298,0,5,0,10,0,6,0,91,0,163,0,171,0,187,0,161,0,37,0,12,0,391,0,13,0,304,0,617,2,441,15,371,0,823,0,61,0,13,0,18,0,43,0,35,0,316
PDD-13,0,3,0,17,0,17,0,8,0,64,0,26,0,7,0,23,0,5,0,37,0,51,0,20,0,13,0,9,0,3,0,13,0,13,0,11,0,15,0,37,0,9,0,12,0,1,0,10,0,3,0,4,0,78,0,4,23,27,0,5,0,25,0,17,0,6,0,8,0,32,0,9
PDD-14,0,17,0,245,0,152,0,98,0,514,0,313,0,32,0,435,0,33,0,701,0,485,0,317,0,197,0,225,0,24,0,29,0,27,0,24,0,240,0,643,0,67,0,146,0,14,0,4,0,20,0,75,0,910,0,9,58,200,0,62,0,247,0,261,0,108,0,85,0,102,0,184
PDD-15,0,56,0,54,0,5,0,26,0,236,0,1507,0,40,0,64,0,21,0,41,3,5905,0,40,0,112,0,6,0,48,0,33,0,19,0,9,0,6,0,0,0,6,0,201,0,1,0,89,0,12,0,5,0,1677,0,33,5742,5751,0,571,0,30,0,139,0,3,0,70,0,17,0,253
PDD-16,0,209,0,10,0,27,0,374,0,198,0,30,0,44,0,108,1,179,0,558,1,115,0,464,0,86,0,75,0,49,0,205,0,68,0,85,0,62,0,6,0,43,0,189,0,20,0,8,0,74,0,55,0,479,0,598,1,34,0,229,0,369,0,225,0,39,0,4,0,114,0,354
PDD-17,0,107,0,28,0,21,1,367,0,440,0,167,1,121,0,43,3,225,0,46,0,6,0,605,0,497,0,127,0,15,0,17,0,193,0,208,0,320,0,354,0,50,0,526,0,5,0,846,0,40,0,65,1,1009,0,472,0,15,0,61,0,40,0,184,0,789,0,8,0,34,0,606
PDD-18,0,232,1,490,0,17,0,12,0,137,0,102,0,40,0,32,1,172,0,131,0,32,0,127,0,361,0,22,0,110,0,48,0,117,0,109,0,156,0,222,0,7,0,111,0,30,0,454,0,48,0,33,0,43,0,519,0,393,0,314,0,288,0,39,0,2039,0,108,0,96,0,29
PDD-19,0,34,0,17,1,379,0,71,0,521,1,89,0,215,0,824,0,92,0,190,0,67,0,39,0,52,0,114,0,54,0,30,0,1,0,4,0,18,0,15,0,62,0,168,0,39,0,212,0,279,0,89,0,176,0,7,0,277,0,96,0,3138,0,526,0,1648,0,233,0,244,0,1000
PDD-2,0,41,0,43,0,9,0,342,1,1422,0,17,0,158,0,81,0,18,0,101,0,106,0,239,0,58,0,64,0,406,0,56,0,31,0,15,0,26,0,47,0,2,1,583,0,3,0,94,0,119,0,513,0,775,0,74,0,137,0,780,1,351,0,166,0,863,0,96,0,54,0,38
PDD-20,0,320,0,195,0,1117,0,245,0,2415,1,623,0,122,0,422,0,401,0,1531,0,542,0,45,0,16,0,232,0,9,0,94,0,37,0,53,0,78,0,35,0,88,0,564,0,240,0,247,0,178,0,266,0,119,0,191,1,80,0,224,0,437,0,299,0,413,0,99,0,43,0,255
PDD-21,0,1,0,2,0,0,0,0,0,15,0,0,0,8,0,10,0,4,0,10,0,0,0,5,0,1,0,0,0,1,0,3,0,2,0,4,0,6,0,5,0,0,1,24,0,0,0,0,0,1,0,7,0,3,0,0,0,1,0,1,0,24,0,0,0,0,0,6,0,5,0,2
PDD-22,1,468,0,1379,0,467,0,19,0,677,0,943,0,166,0,213,0,31,0,1121,0,389,0,60,0,14,0,21,0,118,1,551,0,94,0,242,0,76,0,71,0,154,0,49,0,43,0,1047,0,10,0,20,0,225,0,368,0,55,0,149,0,326,0,177,1,382,0,239,0,166,0,506
PDD-23,0,449,0,225,0,529,2,363,0,1189,0,907,1,659,0,449,0,1112,0,1432,0,396,0,2110,0,1303,0,16,0,283,0,75,0,106,0,45,0,67,0,71,0,187,0,168,0,31,0,53,0,353,0,419,0,369,0,340,0,252,0,1847,0,3107,0,215,0,1478,0,103,0,236,0,2963
PDD-24,0,361,0,224,0,67,0,286,0,17,0,158,0,75,0,232,0,86,0,393,0,108,1,331,0,16,0,416,0,46,0,792,0,717,0,498,0,286,0,116,0,62,0,37,0,22,0,85,0,1,0,342,0,77,0,423,0,34,0,261,0,363,0,188,0,378,0,504,0,390,0,148
PDD-25,0,114,0,8,0,471,0,81,0,181,0,1,0,48,0,123,0,116,0,328,0,24,0,359,0,64,0,160,0,156,0,186,0,60,0,55,0,218,0,46,0,41,1,450,0,165,0,315,0,80,0,45,0,674,0,41,0,292,0,240,0,131,0,31,0,921,0,62,0,47,0,175
PDD-26,0,27,0,84,0,10,0,8,0,499,0,21,0,94,0,518,5,1728,0,124,0,150,0,61,0,475,1,1145,0,97,0,557,1,512,0,502,0,8,1,1125,0,3,0,233,0,27,0,83,0,47,0,105,0,81,0,26,0,675,1,669,0,337,0,219,0,117,0,1015,0,743,0,186
PDD-27,0,415,0,912,0,272,1,695,0,751,0,323,0,95,0,472,2,1240,0,497,0,244,0,524,0,178,0,296,0,312,0,54,0,365,0,374,0,448,0,29,0,41,0,126,0,46,0,266,0,14,0,25,0,101,0,254,0,980,0,517,0,1000,0,116,0,551,0,380,0,405,0,1359
PDD-28,0,26,0,224,0,564,0,940,0,723,0,138,0,84,0,604,0,37,0,26,0,102,0,312,0,84,0,35,0,70,0,15,0,9,0,4,0,254,0,41,0,39,0,61,0,13,0,22,0,30,0,89,0,0,0,1,0,5,0,118,0,47,0,201,0,183,0,175,0,413,0,5
PDD-29,0,1,0,1,0,1,0,0,0,1,0,2,0,0,0,0,0,1,0,0,0,0,0,1,0,1,0,0,0,0,0,0,0,0,0,0,0,0,0,0,0,0,0,3,0,0,0,0,0,0,0,0,0,0,0,2,0,0,0,0,0,3,0,2,0,0,0,0,0,0,0,1
PDD-3,0,475,0,56,0,101,0,199,0,289,0,177,0,33,0,6,0,24,0,443,0,413,0,152,0,18,0,32,0,48,0,174,0,63,0,133,0,709,0,472,0,33,0,18,0,293,0,182,0,74,0,60,0,418,0,36,0,107,2,823,0,106,0,30,0,276,0,85,0,66,0,386
PDD-30,0,192,0,394,0,33,0,152,0,2415,0,236,0,60,0,416,1,770,0,477,0,96,0,1395,0,40,0,0,0,95,1,473,0,87,0,112,0,36,0,523,0,15,0,270,0,320,0,278,0,14,0,246,0,197,0,197,0,3,0,22,0,562,0,450,0,39,0,65,0,113,0,212
PDD-31,0,2,0,28,0,15,0,426,0,12,0,13,0,132,0,39,0,11,0,30,0,800,0,10,0,25,0,1,0,568,0,12,1,590,0,505,0,22,0,76,0,3,0,29,0,12,0,7,0,5,0,3,0,9,0,2,0,3,0,498,0,23,0,43,0,5,0,12,0,60,0,923
PDD-32,0,105,0,726,0,16,0,104,0,905,0,789,0,62,0,250,0,164,0,1704,0,189,0,647,0,8,0,8,0,504,0,112,0,80,0,258,0,52,0,9,0,117,0,1412,0,11,0,135,0,88,0,12,0,913,0,354,0,211,0,160,0,844,0,254,0,110,0,90,0,66,0,1238
PDD-33,0,168,0,86,0,580,0,51,0,106,0,10,0,240,0,11,0,164,0,863,0,100,0,162,0,56,0,21,0,12,0,258,0,27,0,3,0,10,0,4,0,11,0,281,0,13,0,6,0,493,0,8,0,68,0,88,0,12,0,178,0,6,2,168,0,285,0,2,0,7,2,447
PDD-34,0,357,0,4,0,130,0,1168,0,2177,0,198,0,174,0,222,0,182,0,92,0,70,0,1654,0,225,0,211,0,333,0,288,0,36,0,21,0,43,0,6,0,4,0,161,0,17,0,85,0,228,0,10,0,32,0,312,0,47,0,203,1,187,0,402,0,547,0,99,0,57,0,509
PDD-35,0,35,0,20,1,1212,0,69,0,429,0,222,0,49,0,303,0,744,0,547,0,17,0,141,0,1464,0,163,0,62,1,899,0,145,0,184,0,176,0,169,0,33,0,38,0,424,0,128,0,138,0,200,2,1504,0,115,0,894,0,4,0,794,0,174,0,24,0,678,0,399,0,475
PDD-36,0,328,0,257,0,377,0,183,0,275,0,489,0,90,0,348,0,42,0,168,0,105,0,216,0,139,0,140,1,232,0,16,1,322,0,221,0,127,0,320,0,12,0,155,0,4,0,10,0,4,0,790,0,729,0,81,0,26,0,68,0,79,0,289,0,87,0,678,0,612,0,525
PDD-37,0,667,0,241,0,138,0,119,0,16,0,156,0,198,0,78,0,66,0,1182,0,84,0,394,0,68,0,386,0,95,0,212,0,204,0,251,1,193,0,47,0,9,0,16,0,93,0,177,0,110,0,359,0,529,0,38,0,1100,0,142,0,138,0,311,0,86,0,20,0,39,0,722
PDD-38,0,65,0,213,0,36,0,517,0,196,0,83,0,95,0,45,0,91,0,392,1,518,0,101,0,9,0,609,0,1,0,295,0,182,0,219,0,10,0,14,0,0,0,33,0,11,0,34,0,99,0,53,0,244,0,1059,0,89,0,401,0,762,0,49,0,311,0,680,0,479,0,916
PDD-39,0,338,0,120,0,121,0,364,0,29,0,18,0,770,0,32,0,109,0,245,0,644,0,854,0,120,0,195,0,62,0,6,0,124,0,108,0,92,0,41,0,30,0,133,0,406,0,540,0,52,0,194,0,275,0,11,0,861,0,53,0,42,0,47,0,1694,0,819,0,666,0,44
PDD-4,0,197,0,579,1,345,0,266,0,349,0,258,0,396,0,10,0,35,1,134,0,33,0,2172,0,35,0,121,0,60,0,147,0,11,0,2,0,1584,0,139,0,133,0,781,0,13,0,242,0,9,0,44,0,449,0,737,1,31,0,404,0,738,0,496,0,425,0,74,0,44,0,484
PDD-40,0,74,0,60,0,124,0,8,0,1095,0,2,0,99,2,852,0,123,0,668,0,52,0,499,0,141,0,1,0,19,0,485,1,612,0,431,0,216,0,547,0,42,1,3360,0,12,0,198,0,39,0,265,0,208,0,21,0,79,0,7,0,1393,0,4,0,68,0,703,0,743,0,43
PDD-41,0,308,0,27,0,98,0,59,0,11,0,126,0,47,0,172,0,75,0,253,0,92,0,31,0,26,0,23,0,58,1,63,0,31,0,25,0,177,0,58,0,43,0,513,0,51,0,552,0,37,0,164,0,26,0,28,0,67,0,48,0,15,0,262,0,685,0,100,0,70,0,1315
PDD-42,0,241,0,151,1,29,0,69,0,193,0,80,0,15,0,5,3,68,0,468,0,164,0,62,0,81,0,202,1,83,0,26,0,17,0,7,1,384,0,8,0,121,0,8,0,31,0,612,0,60,0,149,0,523,0,9,0,118,0,287,0,96,0,13,0,997,0,3,0,7,1,210
PDD-43,0,25,0,50,0,664,0,57,0,393,0,505,0,156,0,93,0,20,0,681,0,40,0,366,0,185,0,48,0,12,0,26,0,450,0,471,0,57,0,20,0,6,0,7,0,34,0,13,0,32,0,133,0,56,0,432,1,13,0,291,0,76,0,150,0,68,0,94,0,78,0,609
PDD-44,0,220,0,30,1,963,1,896,0,48,0,98,0,42,0,606,0,723,0,1140,0,329,0,110,0,18,0,198,0,21,0,274,0,154,0,131,1,325,0,55,3,77,0,96,0,84,0,176,0,107,0,24,0,105,0,39,0,185,0,166,0,1279,0,1,0,372,0,841,0,735,0,18
PDD-45,0,42,0,108,0,285,0,96,0,70,0,404,0,3,0,35,1,84,1,1524,0,222,0,199,0,31,0,1751,0,190,0,77,0,192,0,140,0,796,0,236,0,44,0,545,0,80,0,305,0,184,0,204,1,957,0,1462,0,194,0,166,0,40,0,300,1,3315,0,64,0,101,0,323
PDD-46,0,84,0,499,0,639,0,800,0,140,0,67,0,71,0,190,2,543,0,2058,0,777,0,1780,0,829,0,177,0,206,0,432,0,203,0,217,0,145,0,28,0,117,0,90,0,88,0,25,0,145,0,179,0,168,0,26,1,138,0,69,0,1244,0,139,0,704,0,253,0,138,0,1305
PDD-47,0,15,0,25,0,98,0,181,0,108,0,556,0,77,0,155,0,104,0,90,1,514,0,1587,0,47,0,109,0,28,0,265,0,86,0,114,0,6,0,371,0,163,0,260,0,32,0,987,0,8,0,60,0,554,0,118,0,20,0,185,0,147,0,11,0,393,0,613,0,424,0,83
PDD-48,0,181,1,334,0,249,0,421,0,413,0,48,0,165,0,90,0,99,0,2478,1,165,0,78,0,180,0,114,0,144,0,10,0,19,0,27,0,167,0,9,0,105,1,932,0,76,0,192,0,51,0,78,0,179,2,866,0,267,0,18,0,189,0,37,0,20,0,240,0,123,0,252
PDD-49,0,13,1,589,0,18,0,213,0,146,0,153,0,8,0,2,0,32,0,95,0,43,0,579,0,357,0,45,0,72,0,60,0,67,0,68,0,60,0,175,0,4,0,91,0,25,0,1363,0,71,0,11,0,746,1,2232,0,385,0,159,0,183,0,41,0,21,0,225,0,110,0,1738
PDD-5,0,65,0,262,0,181,0,84,1,1292,0,345,0,177,0,97,1,870,0,2299,0,153,0,2167,0,425,0,519,0,71,0,178,0,45,0,27,0,1060,0,475,0,12,0,401,0,173,0,161,0,53,0,218,0,33,0,927,1,788,0,200,0,1779,0,371,0,70,0,128,0,12,0,884
PDD-50,0,310,0,458,0,227,2,1261,0,88,0,64,0,57,0,17,0,36,0,1002,0,29,0,208,0,38,0,72,0,347,0,132,0,188,0,189,0,150,0,939,0,60,0,28,0,230,0,127,0,97,0,141,0,571,0,53,0,5,0,812,0,1037,0,60,0,598,0,91,0,27,0,275
PDD-51,0,866,0,574,0,13,0,29,0,327,0,20,0,71,0,19,0,6,0,466,0,27,0,1669,0,1352,0,33,0,139,0,21,0,42,0,69,0,17,0,27,0,3,0,141,0,122,0,101,0,0,0,44,0,585,0,22,0,35,0,71,0,27,0,20,0,10,0,35,0,5,0,242
PDD-52,1,946,0,316,0,298,0,265,0,254,0,37,0,117,0,1098,1,345,0,52,0,26,0,114,0,39,1,1642,0,115,0,59,0,1,0,10,0,611,0,87,0,53,1,889,0,31,0,320,0,0,0,175,0,1,0,175,0,157,0,487,0,1853,0,46,0,103,0,113,0,0,0,96
PDD-53,0,791,0,187,0,190,1,501,0,83,0,206,0,17,0,456,0,25,0,130,0,805,0,664,0,24,0,110,0,176,0,132,0,57,0,73,0,25,0,85,0,38,0,166,0,18,0,71,0,35,0,2,0,11,0,19,0,256,0,201,0,484,0,427,0,205,0,185,0,153,0,239
PDD-54,0,70,0,7,0,52,0,201,0,22,0,392,0,22,0,636,0,227,0,986,0,30,0,314,0,123,0,66,0,23,0,11,0,175,0,220,0,151,0,2,0,12,0,98,0,0,0,7,0,46,0,117,0,40,0,86,0,256,0,76,0,12,0,82,0,1006,0,45,0,14,0,95
PDD-55,0,88,0,32,0,11,0,17,0,411,0,73,0,56,0,28,0,16,0,50,0,234,0,27,0,14,0,8,0,88,0,1,0,9,0,6,0,28,0,61,0,286,0,7,0,12,0,308,0,8,0,20,0,604,0,207,0,6,0,93,0,44,1,396,0,572,0,168,0,96,0,449
PDD-56,0,49,0,160,0,185,0,124,0,63,0,70,0,428,0,22,0,53,0,561,0,16,0,3,0,8,0,489,0,6,0,365,0,160,0,112,0,260,0,17,0,146,0,15,0,23,0,20,0,1,0,36,0,34,0,423,0,9,0,14,0,195,0,431,0,962,0,342,0,307,0,138
PDD-57,0,117,0,20,0,220,0,180,0,90,0,27,0,13,0,110,0,90,0,524,0,6,0,64,0,147,0,8,0,173,0,21,0,79,0,68,0,30,0,296,0,67,0,466,0,37,0,60,0,1,0,6,0,602,0,31,0,141,0,182,0,156,0,45,0,175,0,230,0,321,0,1076
PDD-58,1,320,0,86,0,92,0,1207,0,912,0,416,0,670,0,456,0,17,0,78,0,10,0,229,0,454,0,506,0,110,0,210,0,138,0,168,0,823,0,457,0,170,0,128,0,16,1,2168,0,91,0,128,0,636,0,12,1,72,0,148,0,68,0,67,0,37,0,34,0,2,0,560
PDD-59,0,221,0,206,0,247,0,170,0,37,0,109,0,51,0,287,0,144,0,2343,0,262,0,123,0,48,0,118,0,85,0,163,0,131,0,234,0,161,0,71,0,18,0,49,0,152,0,287,0,10,0,16,0,439,0,157,0,236,1,846,0,269,0,115,0,490,0,54,0,26,0,639
PDD-6,0,626,0,134,0,16,0,55,0,235,0,129,0,247,0,157,0,252,0,796,0,403,0,67,0,73,0,46,0,17,0,198,0,135,0,166,0,1323,0,4,0,91,0,74,0,79,0,130,0,97,0,158,0,33,0,127,3,64,0,301,0,32,0,161,0,1308,0,742,0,317,0,263
PDD-60,0,79,0,7,0,34,0,7,0,27,0,6,0,0,0,126,0,57,0,215,0,31,0,41,0,7,0,6,0,79,0,10,0,0,0,1,0,24,0,23,0,0,0,21,0,1,0,26,0,35,0,10,0,9,0,18,0,38,0,39,0,91,0,6,0,20,0,9,0,15,0,30
PDD-61,0,191,0,52,0,120,0,229,0,11,0,1,0,17,0,621,0,73,0,100,0,27,0,1406,0,80,0,627,0,6,1,933,0,47,0,54,0,282,0,8,1,82,0,1040,0,4,0,63,0,35,0,39,0,1041,0,0,0,29,0,725,0,102,0,280,0,43,0,27,0,32,0,1605
PDD-62,0,480,0,210,1,284,0,901,0,883,0,183,0,125,0,110,0,72,1,2263,1,353,0,50,0,17,0,43,0,51,0,421,0,26,0,50,0,3,0,464,0,340,0,446,0,2,0,8,0,132,0,176,0,108,0,96,0,451,0,740,0,1157,0,42,0,278,0,11,0,8,0,296
PDD-63,0,4,1,232,0,112,0,26,0,1019,0,8,0,7,0,326,0,247,0,1595,0,139,0,64,0,74,0,3,0,160,0,8,0,52,0,49,0,33,0,251,0,28,0,221,1,261,0,344,0,28,0,75,0,22,0,15,0,36,0,30,0,100,0,38,0,350,0,5,0,0,0,47
PDD-64,0,17,1,191,0,80,0,22,0,911,0,9,0,4,0,216,0,248,0,1196,0,118,0,53,0,74,0,1,0,164,0,3,0,57,0,23,0,33,0,191,0,45,0,202,0,151,0,250,0,22,0,66,0,30,0,10,1,40,0,26,0,124,0,62,0,322,0,5,0,8,0,31
PDD-65,0,278,1,45,0,10,0,344,0,268,0,233,0,30,0,222,2,639,0,515,0,248,0,812,0,143,0,6,1,544,0,13,0,15,3,12,0,797,0,132,0,107,0,264,0,38,0,69,0,33,0,101,0,86,1,175,0,346,0,209,0,2073,0,104,0,1447,0,220,0,221,0,164
PDD-66,0,0,0,0,0,8,0,29,0,1,0,5,0,3,0,6,0,18,0,3,0,900,0,1128,0,2,0,0,0,1115,0,3,0,4,0,0,0,0,0,734,2,1022,0,106,0,0,0,7,0,0,0,104,0,47,0,72,2,4,0,69,0,10,0,3,0,3,0,116,0,22,0,120
PDD-67,0,3,0,0,0,1118,0,635,0,7,0,49,0,134,0,2,2,917,0,94,0,72,0,981,0,6,0,4,0,68,0,1,0,201,0,151,0,55,0,46,0,21,0,33,0,0,0,14,0,2,0,72,0,233,0,1,1,360,0,309,0,10,0,311,0,21,0,77,0,140,0,3215
PDD-68,0,535,0,477,0,41,0,875,0,412,0,246,0,140,0,450,0,60,0,631,0,308,0,507,0,104,0,906,0,197,0,136,0,196,0,204,0,77,0,250,0,10,1,448,0,173,0,511,0,79,0,17,0,812,0,768,0,63,0,361,1,1665,0,208,0,131,0,608,0,775,0,284
PDD-69,0,1863,0,71,0,120,0,1210,0,891,0,293,0,109,0,317,0,165,1,737,0,25,0,591,0,11,0,4,0,88,0,58,0,23,0,47,0,51,0,78,0,38,0,185,0,15,0,85,0,63,0,121,0,3,0,308,0,342,0,144,0,384,0,450,0,169,0,26,0,20,0,150
PDD-7,0,311,0,83,0,256,0,289,0,416,0,205,0,216,1,1240,1,255,0,512,0,386,0,54,0,21,0,197,0,26,0,46,0,428,0,515,0,399,0,28,0,23,1,1280,0,171,0,88,0,352,0,64,0,4,0,1157,0,1193,0,107,0,299,0,349,0,549,0,134,0,40,0,545
PDD-70,0,25,0,11,0,563,0,550,0,109,0,6,0,3,0,42,0,21,0,410,0,6,0,1598,0,1,0,62,0,130,0,98,0,2,0,2,2,559,0,463,0,10,0,37,0,24,0,551,0,2,0,136,0,41,0,66,0,3,0,67,1,3107,0,236,0,514,0,42,0,11,0,1038
PDD-71,0,32,0,78,0,57,0,75,0,168,0,21,0,261,0,71,1,550,0,651,0,345,1,223,0,78,0,1,0,228,2,410,0,215,0,266,0,271,0,7,0,168,0,64,0,43,0,498,0,3,0,41,0,8,0,44,3,42,1,831,0,292,0,846,0,285,0,91,0,149,0,3470
PDD-72,0,287,0,116,0,7,0,879,0,1119,0,184,0,147,0,27,0,110,0,218,1,578,1,756,0,65,0,25,0,17,0,454,0,34,0,61,0,507,0,6,0,3,0,179,0,169,0,7,0,41,0,1,0,426,0,244,1,1111,0,360,0,237,0,111,0,122,0,73,0,100,0,300
PDD-73,0,332,0,80,0,48,0,211,0,215,0,81,0,35,0,64,0,28,0,827,1,506,0,632,0,433,0,95,0,13,0,104,0,80,0,20,0,22,0,168,0,74,0,82,0,6,0,16,0,0,0,50,0,18,0,25,0,9,0,79,1,688,0,291,0,6,0,333,0,109,0,270
PDD-74,0,15,0,202,0,163,0,103,0,71,0,39,1,32,0,84,0,185,0,34,0,61,1,3343,0,138,0,147,1,49,0,88,0,62,0,58,0,60,0,330,0,53,0,130,0,21,0,201,0,13,0,17,0,40,0,480,0,166,0,177,0,63,0,33,0,21,0,514,0,447,0,2506
PDD-75,0,58,0,39,0,99,0,10,0,272,0,23,0,53,0,96,2,1094,1,659,0,41,0,28,1,3612,0,34,0,222,0,26,0,58,0,16,0,171,0,122,0,0,0,12,0,0,0,2,0,12,0,452,0,616,0,55,0,21,0,7,0,14,0,621,0,209,0,78,0,251,0,89
PDD-76,0,37,0,1,0,118,0,26,0,1754,0,112,0,24,0,103,0,113,0,849,0,83,0,664,0,30,0,176,0,15,0,81,0,255,0,228,0,119,0,33,0,3,0,264,0,23,0,499,0,9,0,609,0,15,1,320,0,34,0,93,1,102,0,29,0,51,0,20,0,84,0,352
PDD-77,0,15,0,7,0,385,0,5,0,128,0,84,0,23,0,681,1,119,0,59,0,109,0,29,0,173,0,10,0,284,0,11,0,17,0,33,0,5,0,34,0,59,0,424,0,22,0,100,0,103,0,120,0,783,0,11,0,43,0,13,0,753,2,241,0,83,0,184,0,114,0,85
PDD-78,0,20,0,246,0,24,0,34,0,866,0,679,0,397,0,20,0,167,0,1279,0,68,0,23,0,26,0,35,0,36,0,67,0,39,0,5,0,118,0,205,0,131,0,118,0,12,0,369,0,16,0,249,0,3,0,199,0,231,0,44,0,550,0,572,0,438,0,234,0,316,0,205
PDD-79,0,86,0,31,0,22,0,2088,0,1078,0,6,0,84,0,248,0,34,0,1737,0,44,0,1330,0,23,0,7,0,573,0,193,0,256,0,207,0,75,0,6,0,5,0,2003,0,15,0,62,0,10,0,841,0,45,0,183,0,38,0,684,0,3121,0,325,0,396,0,210,0,163,0,1879
PDD-8,0,99,0,40,0,48,0,1130,0,904,0,91,1,110,0,659,0,34,0,226,0,59,0,18,0,655,0,28,0,534,0,179,0,79,0,28,0,19,0,109,0,42,0,469,0,20,0,107,0,91,0,135,0,21,0,112,1,633,0,376,0,276,0,54,0,34,0,489,0,329,0,2191
PDD-80,0,269,0,93,0,285,0,168,0,1446,0,16,0,115,0,109,0,202,0,192,1,1119,0,1027,0,9,0,16,0,101,0,53,0,44,0,38,0,54,0,224,0,50,0,169,0,195,0,671,0,53,0,126,0,236,0,361,0,276,0,221,0,172,0,164,0,631,0,462,0,273,0,139
PDD-81,0,25,0,77,0,596,0,470,0,41,0,36,0,33,0,307,1,117,0,255,0,166,2,4357,1,442,0,47,0,8,0,208,0,45,0,29,0,110,0,174,0,9,0,1072,0,44,0,7,0,10,0,66,0,179,0,58,0,63,0,249,0,140,0,209,0,196,0,206,0,111,0,214
PDD-82,0,408,0,121,1,101,0,76,0,99,0,93,0,8,0,461,0,129,0,337,0,80,0,374,1,271,0,38,1,724,0,142,0,150,0,111,0,497,0,247,0,59,0,27,0,11,0,71,0,4,0,14,0,1,0,88,1,142,0,56,0,19,0,853,0,33,0,41,0,39,1,1771
PDD-83,0,22,0,957,0,67,0,342,0,802,0,559,0,35,0,264,1,705,0,682,0,180,0,110,0,96,0,34,0,416,0,13,0,117,0,81,0,5,0,22,0,76,0,317,0,47,0,140,0,4,0,24,0,3,0,373,0,8,0,8,0,198,0,458,0,516,0,69,0,159,0,305
PDD-84,1,219,0,280,0,23,0,538,2,233,0,2,0,97,0,118,0,30,0,344,0,70,0,1213,0,32,0,200,0,254,0,1,0,164,0,177,0,105,0,299,0,43,0,368,0,21,0,29,0,26,0,84,0,434,0,67,0,597,1,80,0,287,0,55,0,423,0,304,0,147,0,88
PDD-85,0,39,0,24,0,242,0,466,0,33,0,234,0,112,0,189,0,256,0,246,0,18,0,352,0,54,0,2,0,31,0,23,0,42,0,85,0,68,0,49,0,31,0,158,0,0,0,360,0,232,0,5,0,808,0,10,1,118,0,8,0,31,0,34,1,2382,0,284,0,521,0,424
PDD-86,0,153,0,449,0,1359,0,814,0,4,0,60,0,11,0,734,0,483,1,3223,0,4,0,373,0,598,0,41,0,134,0,217,0,20,0,38,0,299,0,28,0,4,0,13,0,148,0,93,0,28,0,163,0,137,0,47,0,105,1,207,0,158,0,395,0,443,0,170,0,95,0,359
PDD-87,0,319,0,1,0,42,0,45,0,334,0,509,1,159,0,195,0,138,0,581,0,85,0,202,0,5,0,18,0,128,0,115,0,7,0,2,0,613,0,460,0,0,0,296,0,7,0,1032,0,198,0,0,0,6,0,3,0,56,0,79,0,49,0,318,0,256,0,52,0,82,0,349
PDD-88,0,488,0,15,0,558,2,314,0,379,0,457,0,4,0,514,0,41,0,76,0,35,0,16,0,360,0,13,0,15,0,95,0,242,0,81,0,282,0,20,0,21,0,188,0,0,2,376,0,46,0,12,1,298,0,41,0,17,0,85,0,172,0,356,0,345,0,8,0,7,0,275
PDD-89,0,24,0,17,0,118,0,660,0,16,0,52,0,262,0,146,0,0,0,47,0,136,0,281,0,48,0,361,0,91,0,388,0,285,0,254,0,365,0,135,0,0,0,69,0,2,0,29,0,41,0,25,0,90,0,18,0,95,0,101,0,9,0,164,0,246,0,88,0,48,0,896
PDD-9,0,1102,0,397,0,151,1,251,0,295,0,50,0,448,0,40,0,25,0,615,0,80,0,236,0,105,0,140,0,319,0,8,0,275,0,238,0,58,0,39,0,96,0,357,0,68,0,1624,0,143,0,94,0,229,0,131,1,317,0,83,0,311,0,657,0,54,0,143,0,169,0,1223
PDD-90,0,164,0,43,0,188,0,115,0,9,0,60,0,262,0,38,6,2909,0,375,0,156,0,32,0,211,0,60,0,10,0,76,0,19,0,6,1,755,0,112,0,1,0,624,0,5,0,469,0,47,0,183,0,225,1,40,0,205,0,29,0,146,0,334,0,610,0,501,0,347,0,657
PDD-91,0,23,0,109,0,171,0,517,0,17,0,10,0,387,0,89,1,522,0,89,1,465,0,204,0,292,0,553,0,32,0,12,0,157,0,135,0,100,0,97,0,4,0,768,0,228,0,5,0,8,0,64,0,390,0,36,0,993,0,86,0,55,0,997,0,114,0,963,0,565,0,232
PDD-92,0,49,0,65,0,18,0,270,0,275,0,56,0,1,0,143,2,504,0,67,0,102,0,60,0,237,0,118,0,12,0,212,0,49,0,67,0,348,0,18,0,101,0,793,0,14,0,40,0,110,0,66,0,143,0,206,0,80,0,91,0,229,1,1104,0,276,0,24,0,46,0,650
PDD-93,0,16,0,55,0,591,0,26,0,29,0,40,0,50,0,51,0,67,0,314,0,160,0,158,0,530,0,53,0,65,0,82,0,70,0,130,0,320,0,3,0,72,0,48,0,6,0,227,0,12,0,234,0,183,0,1,0,45,0,77,0,86,2,1161,0,675,0,56,0,24,0,188
PDD-94,0,202,0,6,0,381,0,16,0,85,0,427,0,27,3,1589,0,16,0,414,0,2,0,784,0,73,0,265,0,10,2,570,0,27,0,7,0,11,0,40,0,23,0,26,0,65,0,84,0,20,0,34,1,887,0,76,0,79,0,8,0,46,1,1841,0,105,0,15,0,35,0,41
PDD-95,0,30,0,113,0,488,1,114,0,108,0,19,0,29,0,857,0,82,0,56,0,70,0,9,0,12,0,77,0,45,0,32,0,145,0,121,0,111,0,40,0,22,0,89,0,62,0,32,0,12,0,88,0,585,0,623,0,0,0,6,0,106,0,6,0,8,0,119,0,58,0,111
PDD-96,0,130,0,6,0,62,0,60,0,127,0,129,0,74,0,9,0,28,0,11,0,1,0,69,0,1,0,12,0,49,0,530,0,229,0,180,0,1928,0,169,0,9,0,5,0,29,0,113,0,7,0,0,0,7,0,50,0,29,0,83,0,362,0,44,0,124,0,42,0,33,0,760